name,link,subscribers
–î–æ–º2. –ù–æ–≤–æ—Å—Ç–∏ –æ—Ç –¢–µ–ª–µ–°–æ–Ω–∏,https://t.me/novostiotTeleSoni,1706
–ù–û–í–û–°–¢–ò –≠–ù–ï–†–ì–û–î–ê–†–ê üá∑üá∫,https://t.me/novostienergodara,9329
–ë—Ä–µ—Å—Ç–°–ò–¢–ò - –Ω–æ–≤–æ—Å—Ç–∏,https://t.me/brestcity,16890
–ò—Ç–∞–ª–∏—è | –ù–æ–≤–æ—Å—Ç–∏ | –¢—É—Ä–∏–∑–º,https://t.me/novosti_evropa,6163
–ê–Ω–∏–º–µ –Ω–æ–≤–æ—Å—Ç–∏ üáØüáµ,https://t.me/animes_smotret_online,54460
SHABALKINGS | –ò–ì–†–û–í–´–ï –ù–û–í–û–°–¢–ò,https://t.me/shabalkings,1255
–ú—É—Ä–º–∞–Ω—Å–∫–∏–π –í–µ—Å—Ç–Ω–∏–∫ ‚Äî –Ω–æ–≤–æ—Å—Ç–∏,https://t.me/vestnik51,4468
–í–µ—Å—Ç–∏–∫—Å: –ì–æ—Ä—è—á–∏–µ –Ω–æ–≤–æ—Å—Ç–∏,https://t.me/rossiax,26600
–†–æ—Å—Å–∏–π—Å–∫–∞—è –ì–∞–∑–µ—Ç–∞ | –ù–æ–≤–æ—Å—Ç–∏,https://t.me/rgrunews,155878
"""–ö–∞–º–ö–∞–º""- –ù–æ–≤–æ—Å—Ç–∏ –ö–∞–º—á–∞—Ç–∫–∏.",https://t.me/novostikam,535
OFNEWS / –û–∫–æ–ª–æ—Å–ø–æ—Ä—Ç–∏–≤–Ω—ã–µ –Ω–æ–≤–æ—Å—Ç–∏,https://t.me/ofnews,69087
Tengrinews.kz - –ù–æ–≤–æ—Å—Ç–∏ –ö–∞–∑–∞—Ö—Å—Ç–∞–Ω–∞,https://t.me/tengrinews,232062
–í–µ—Å—Ç–Ω–∏–∫ –î–∞–º–∞—Å–∫–∞,https://t.me/NovostiDamask,10897
–ù–¢–° ‚Äì –ù–æ–≤–æ—Å—Ç–∏ –°–µ–≤–∞—Å—Ç–æ–ø–æ–ª—è,https://t.me/nts_novosti,5904
APPDATE | –ü–æ—Å–ª–µ–¥–Ω–∏–µ –Ω–æ–≤–æ—Å—Ç–∏ —Ç–µ—Ö–Ω–æ–ª–æ–≥–∏–π,https://t.me/appdatemedia,2902
–ò–Ω—Ç–µ—Ä–µ—Å–Ω–æ–µ –≤ –ú–æ—Å–∫–≤–µ | –ù–æ–≤–æ—Å—Ç–∏,https://t.me/vse_o_moskve,1104
–û–π –í–µ–π –ù–æ–≤–æ—Å—Ç–∏,https://t.me/oiveynews,22437
Portobello - –•–æ—Ä–æ—à–∏–µ –Ω–æ–≤–æ—Å—Ç–∏,https://t.me/portobello_info,992
sky crypto | –Ω–æ–≤–æ—Å—Ç–∏,https://t.me/sky_banker,5570
CryptoLeo –ù–æ–≤–æ—Å—Ç–∏,https://t.me/cryptolevan,15016
–ù–æ–≤–æ—Å—Ç–∏ –∏–∑ –°–µ—Ä–±–∏–∏,https://t.me/NewsSerbia,7204
"Crypto-–ö—Ä–∏–ø—Ç–∞ | –ù–æ–≤–æ—Å—Ç–∏, –ø—Ä–æ–≥–Ω–æ–∑—ã –∏ –∞–Ω–∞–ª–∏—Ç–∏–∫–∞",https://t.me/Proffit_crypto,54646
Sputnik –ê—Ä–º–µ–Ω–∏—è ‚Äî –ù–æ–≤–æ—Å—Ç–∏,https://t.me/SputnikARM,43644
–ú–ê–Æ –ü–†–ê–í–û - –Ω–æ–≤–æ—Å—Ç–∏ –ù–∏–∫–æ–ª–∞–µ–≤—â–∏–Ω—ã,https://t.me/mayupravo,397
–°–ø–æ—Ä—Ç –ò–Ω—Å–∞–π–¥ | –ù–æ–≤–æ—Å—Ç–∏ –ü—Ä–æ–≥–Ω–æ–∑—ã,https://t.me/sportabzac,124304
"–û—Å—Ç–æ—Ä–æ–∂–Ω–æ, –Ω–æ–≤–æ—Å—Ç–∏",https://t.me/ostorozhno_novosti,1577516
–ì–∞–∑–µ—Ç—á–∏–∫ | –ù–æ–≤–æ—Å—Ç–∏ Live,https://t.me/gazetchick,122073
"–ù–æ–≤–æ—Å—Ç–∏ –∫–∏–Ω–æ, —Å–µ—Ä–∏–∞–ª—ã | –§–∏–ª—å–º—ã, —Å—ä–µ–º–∫–∏",https://t.me/kino_novosti_serialy,1447
–û–¥–µ—Å—Å–∫–∏–π –∏–Ω—Å–∞–π–¥–µ—Ä / –∞–∫—Ç—É–∞–ª—å–Ω—ã–µ –Ω–æ–≤–æ—Å—Ç–∏ –û–¥–µ—Å—Å—ã –∏ –£–∫—Ä–∞–∏–Ω—ã,https://t.me/odesin,2632
–ü–æ–ª–∏—Ç–∏–∫–∞ | –ù–æ–≤–æ—Å—Ç–∏,https://t.me/politic_mid,24701
–°–û–†–û–ö–ê | –ù–æ–≤–æ—Å—Ç–∏ | –°–µ–≥–æ–¥–Ω—è,https://t.me/sorokalife,114938
–ò–≤–∞–Ω–æ–≤–æ | –ù–æ–≤–æ—Å—Ç–∏ | –ü–æ–ª–∏—Ç–∏–∫–∞,https://t.me/Ivanovo_polit,31936
ATV | –ú–û–¢–û –ù–æ–≤–æ—Å—Ç–∏,https://t.me/atvblog,7804
–ö–µ—Ä—á—å –ò–ù–§–û –Ω–æ–≤–æ—Å—Ç–∏ –ö–µ—Ä—á–∏ –∏ –ö—Ä—ã–º–∞,https://t.me/kerch_news,28140
–ù–æ–≤–æ—Å—Ç–∏ —Å –ö–∞–≤–∫–∞–∑–∞,https://t.me/gvasadze,2529
–ù–æ–≤–æ—Å—Ç–∏ –ö–∏—Ä–æ–≤–∞ | –î–µ–≤—è—Ç–∫–∞ –¢–í,https://t.me/devyatka_tv,1008
–ù–æ–≤–æ—Å—Ç–∏ –í—å–µ—Ç–Ω–∞–º–∞,https://t.me/vietnamnews_ru,5161
–ù–æ–≤–æ—Å—Ç–∏ –∏ –Ω–µ–¥–≤–∏–∂–∏–º–æ—Å—Ç—å –Ω–∞ –°–µ–≤–µ—Ä–Ω–æ–º –ö–∏–ø—Ä–µ,https://t.me/velesproperty,1219
–ù–æ–≤–æ—Å—Ç–∏ —Ñ—É—Ç–±–æ–ª–∞ | 90 –º–∏–Ω—É—Ç | –õ–∏–≥–∞ –ß–µ–º–ø–∏–æ–Ω–æ–≤,https://t.me/minut90,18866
Binance –ù–æ–≤–æ—Å—Ç–∏,https://t.me/binance_ru,129711
–ê—Ä–º–∏—è –†–æ—Å—Å–∏–∏ | –ù–æ–≤–æ—Å—Ç–∏ | –ú–æ–±–∏–ª–∏–∑–∞—Ü–∏—è,https://t.me/rf_army,4943
–ö–∞–∑–∞–Ω—å | –ù–∞—Ä–æ–¥–Ω—ã–µ –Ω–æ–≤–æ—Å—Ç–∏,https://t.me/kazan_novost,466
–ü–ª—é—Å –†–µ–∑–∏–¥–µ–Ω—Ç | –ù–æ–≤–æ—Å—Ç–∏,https://t.me/plusresnews,9925
–ù–æ–≤–æ—Å—Ç–∏ –ú–æ—Å–∫–≤—ã,https://t.me/moskvanovosti,6236
Ripple News | –ù–æ–≤–æ—Å—Ç–∏ XRP,https://t.me/ripplenewsru,931
"Rogandar NEWs: –ù–æ–≤–æ—Å—Ç–∏, —Ñ–∞–∫—Ç—ã, —Å–æ–±—ã—Ç–∏—è!",https://t.me/Rogandar,166289
–ù–æ–≤–æ—Å—Ç–∏ –ú–æ—Å–∫–≤—ã ‚Ä¢ –°–∞–º–æ–µ –í–∞–∂–Ω–æ–µ!,https://t.me/go_msk,37721
E1.RU | –ù–æ–≤–æ—Å—Ç–∏ –ï–∫–∞—Ç–µ—Ä–∏–Ω–±—É—Ä–≥–∞,https://t.me/e1_news,290491
–ì–£–í–ú –ù–æ–≤–æ—Å—Ç–∏,https://t.me/ufmsmsk,16831
–ü–æ–ª–∏—Ç–ù–∞–≤–∏–≥–∞—Ç–æ—Ä. –ù–æ–≤–æ—Å—Ç–∏ –∏ –∞–Ω–∞–ª–∏—Ç–∏–∫–∞,https://t.me/Politnavigator,132678
–ì–£–í–ú –∫–≤–æ—Ç—ã –ù–æ–≤–æ—Å—Ç–∏,https://t.me/kvotamoscow,8301
–ü–µ—Ç–µ—Ä–±—É—Ä–≥: –Ω–æ–≤–æ—Å—Ç–∏ —Ä–∞–π–æ–Ω–æ–≤,https://t.me/petrolenspb,4705
–°–∏–ª—å–Ω—ã–µ –ù–æ–≤–æ—Å—Ç–∏ - gomel.today,https://t.me/gomeltoday,22811
–ú–ö: —Å—Ä–æ—á–Ω—ã–µ –Ω–æ–≤–æ—Å—Ç–∏,https://t.me/mk_srochno,17670
–ù–æ–≤–æ—Å—Ç–∏ –£–∫—Ä–∞–∏–Ω—ã üá∫üá¶,https://t.me/UkraineN,70593
NEWS1.ru - –ù–æ–≤–æ—Å—Ç–∏ –†–æ—Å—Å–∏–∏ –∏ –º–∏—Ä–∞,https://t.me/ru_NEWS1,6545
–ù–æ–≤–æ—Å—Ç–∏ –ö–∏–ø—Ä–∞,https://t.me/cyprusnews,25557
–ú–æ–ª–æ—á–Ω—ã–µ –Ω–æ–≤–æ—Å—Ç–∏,https://t.me/milknews,3700
74.RU| –ù–æ–≤–æ—Å—Ç–∏ –ß–µ–ª—è–±–∏–Ω—Å–∫–∞,https://t.me/news_74ru,77153
–ê–∑–∏—è-–ü–ª—é—Å | –í—Å–µ –Ω–æ–≤–æ—Å—Ç–∏ –¢–∞–¥–∂–∏–∫–∏—Å—Ç–∞–Ω–∞ –∏ –º–∏—Ä–∞,https://t.me/asiaplus,65751
–ò—Å–ø–∞–Ω–∏—è –æ—Ç –ê –¥–æ –Ø ‚Ä¢ –ù–æ–≤–æ—Å—Ç–∏,https://t.me/spainru,14629
–ù–æ–≤–æ—Å—Ç–∏ –Ω–∞—Å—Ç–æ–ª—å–Ω—ã—Ö –∏–≥—Ä,https://t.me/nastole,2574
–†–æ—Å—Å–∏—è. –ö—É–±–∞–Ω—å | –ù–æ–≤–æ—Å—Ç–∏,https://t.me/russiakuban,30298
125region.ru | –ù–æ–≤–æ—Å—Ç–∏,https://t.me/rusvdk,1233
AST-NEWS.ru - –Ω–æ–≤–æ—Å—Ç–∏ –ê—Å—Ç—Ä–∞—Ö–∞–Ω–∏,https://t.me/ast_news,4870
–ö—Ä—ã–º 24 |Z| –í—Å–µ –Ω–æ–≤–æ—Å—Ç–∏ –ö—Ä—ã–º–∞,https://t.me/tvcrimea24,57661
–ù–æ–≤–æ—Å—Ç–∏ –ë–∞—à–∫–∏—Ä–∏–∏ –∏ –£—Ñ—ã,https://t.me/newsbash,4297
78 | –ù–û–í–û–°–¢–ò,https://t.me/good78news,52945
–ù–æ–≤–æ—Å—Ç–∏ –¢—Ä–µ–π–ª–µ—Ä—ã –°–µ—Ä–∏–∞–ª—ã –ü—Ä–µ–º—å–µ—Ä—ã,https://t.me/kinovost,3818
–û–¢–°-–ì–æ—Ä—Å–∞–π—Ç ‚Äì –ù–æ–≤–æ—Å—Ç–∏ –ù–æ–≤–æ—Å–∏–±–∏—Ä—Å–∫–∞,https://t.me/otsnews,8068
–ò—Å–ø–∞–Ω—Å–∫–∏–π –ê–º–∏–≥–æ ‚Ä¢ –ù–æ–≤–æ—Å—Ç–∏ –ò—Å–ø–∞–Ω–∏–∏,https://t.me/amigokonon,4615
–û–û–û –ß–ï–õ–Ø–ë–ó–ê–í–û–î | –ù–æ–≤–æ—Å—Ç–∏ –ß–µ–ª—è–±–∏–Ω—Å–∫–∞ –∏ –æ–±–ª–∞—Å—Ç–∏,https://t.me/zvd74,31269
Kun.uz | –ù–æ–≤–æ—Å—Ç–∏ –£–∑–±–µ–∫–∏—Å—Ç–∞–Ω–∞,https://t.me/kunuzru,86219
–ë–∏–∑–Ω–µ—Å –∏ –î–µ–Ω—å–≥–∏ | –ù–æ–≤–æ—Å—Ç–∏,https://t.me/bizmoneynews,64521
–†–ï–ù –¢–í|–ù–æ–≤–æ—Å—Ç–∏,https://t.me/rentv_news,87182
Ripple XRP Channel (–ù–æ–≤–æ—Å—Ç–∏ —Ä–∏–ø–ª),https://t.me/rippleweb,10653
–ê–∫–≤–∞—Ä–µ–ª—å–¢—É—Ä - —Ç—É—Ä–∞–≥–µ–Ω—Ç—Å—Ç–≤–æ: –Ω–æ–≤–æ—Å—Ç–∏ –∏ —Ç—É—Ä—ã,https://t.me/akvareltour,295
"kp40.ru - –ö–∞–ª—É–≥–∞, –û–±–Ω–∏–Ω—Å–∫ –∏ –ö–∞–ª—É–∂—Å–∫–∞—è –æ–±–ª–∞—Å—Ç—å. –ù–æ–≤–æ—Å—Ç–∏",https://t.me/kp40ru,13564
–ù–æ–≤–æ—Å—Ç–∏ / –¢–æ–ª—å–∫–æ –≥–ª–∞–≤–Ω–æ–µ,https://t.me/news_rambler,11638
Coinspot: –Ω–æ–≤–æ—Å—Ç–∏ –∫—Ä–∏–ø—Ç–æ—ç–∫–æ–Ω–æ–º–∏–∫–∏,https://t.me/coinspot,5165
–ù–æ–≤–æ—Å—Ç–∏ –ö–∞–º—á–∞—Ç–∫–∏ - –ö–∞–º 24,https://t.me/IA_Kam24,30781
DSML KZ –ù–æ–≤–æ—Å—Ç–∏,https://t.me/main_ds_kz,3052
9 —É—Ç—Ä–∞ | –ù–æ–≤–æ—Å—Ç–∏ –∏ –∞–Ω–æ–Ω—Å—ã,https://t.me/v9utra,61491
Om1.ru: –ù–æ–≤–æ—Å—Ç–∏ –û–º—Å–∫–∞ –∏ –†–æ—Å—Å–∏–∏,https://t.me/om1_ru,63232
"RUGRAD - –ù–æ–≤–æ—Å—Ç–∏ –ö–∞–ª–∏–Ω–∏–Ω–≥—Ä–∞–¥–∞, –∞–Ω–∞–ª–∏—Ç–∏–∫–∞, –≤–∏–¥–µ–æ",https://t.me/rugrad,2629
–¢–û–ü–û–† - –ì–æ—Ä—è—á–∏–µ –Ω–æ–≤–æ—Å—Ç–∏,https://t.me/topor,1334775
–ú–æ—Å–∫–≤–∞—á ‚Ä¢ –ù–æ–≤–æ—Å—Ç–∏ –ú–æ—Å–∫–≤—ã,https://t.me/moscowach,1611199
–ù–æ–≤–æ—Å—Ç–∏ –∫—Ä–∏–ø—Ç–æ–≤–∞–ª—é—Ç.–û–±–∑–æ—Ä—ã.–¢—Ä–µ–π–¥–∏–Ω–≥.–ú–∞–π–Ω–∏–Ω–≥ | Blockchain Media,https://t.me/cryptohunter1,252
–ú–æ—Å–∫–≤–∞ - –ù–æ–≤–æ—Å—Ç–∏ –ú–æ—Å–∫–≤—ã,https://t.me/moskva247,8836
–ó–µ—Ä–∫–∞–ª–æ | –ù–æ–≤–æ—Å—Ç–∏,https://t.me/zerkalo_io,170360
–ü–µ—Ä–≤—ã–π –∫–∞–Ω–∞–ª. –ù–æ–≤–æ—Å—Ç–∏,https://t.me/news_1tv,89816
Go31 | –ù–æ–≤–æ—Å—Ç–∏ –ë–µ–ª–≥–æ—Ä–æ–¥–∞,https://t.me/belgorod_go31,43676
–ù–æ–≤–æ—Å—Ç–∏ X5 Group,https://t.me/x5news,11241
First –ù–æ–≤–æ—Å—Ç–∏ –í–æ–π–Ω—ã,https://t.me/first_political,176100
NUR.KZ - –ù–æ–≤–æ—Å—Ç–∏ –ö–∞–∑–∞—Ö—Å—Ç–∞–Ω–∞,https://t.me/newsnurkz,78294
‚òÆÔ∏è –ß–µ—Ä–Ω–æ–≥–æ—Ä–∏—è –æ–Ω–ª–∞–π–Ω ‚Äî¬†–≥–ª–∞–≤–Ω—ã–µ –Ω–æ–≤–æ—Å—Ç–∏ –ß–µ—Ä–Ω–æ–≥–æ—Ä–∏–∏ –∏ —Å—Ç–∞—Ç—å–∏ –Ω–∞ —Ä—É—Å—Å–∫–æ–º —è–∑—ã–∫–µ,https://t.me/openmonte,2669
Donnews l –ù–æ–≤–æ—Å—Ç–∏-–Ω–∞-–î–æ–Ω—É,https://t.me/donnewsru,6048
–ù–æ–≤–æ—Å—Ç–∏ —Å–ø–æ—Ä—Ç–∞,https://t.me/championsli,11754
–î–∏—Ä–µ–∫—Ç-–ü–†–û // –ù–æ–≤–æ—Å—Ç–∏ Power BI,https://t.me/pro_powerbi,906
StopGame.ru - –ò–≥—Ä–æ–≤—ã–µ –Ω–æ–≤–æ—Å—Ç–∏,https://t.me/stopgamenews,29263
–ù–æ–≤–æ—Å—Ç–∏ –ü—Ä–∞–≤–∏—Ç–µ–ª—å—Å—Ç–≤–∞ –†–§,https://t.me/governmentru,9705
Informburo.kz ‚Äì –ù–æ–≤–æ—Å—Ç–∏ –ö–∞–∑–∞—Ö—Å—Ç–∞–Ω–∞,https://t.me/informburo_kz,30186
–ù–æ–≤–æ—Å—Ç–∏ –¢–∞–≥–∞–Ω—Ä–æ–≥–∞,https://t.me/taganrogonline,7758
–ù–æ–≤–æ—Å—Ç–∏ –£—Ñ—ã –∏ –†–ë,https://t.me/bashnews,457
–ù–æ–≤–æ—Å—Ç–∏ –ù–∞—Ä–æ-–§–æ–º–∏–Ω—Å–∫–∞,https://t.me/narofominsk,8658
24KG –ù–æ–≤–æ—Å—Ç–∏ –ö—ã—Ä–≥—ã–∑—Å—Ç–∞–Ω–∞,https://t.me/news24kg,18053
Privet-Rostov.ru - –Ω–æ–≤–æ—Å—Ç–∏ –†–æ—Å—Ç–æ–≤-–Ω–∞-–î–æ–Ω—É,https://t.me/privet_rostov_ru,139128
–ú–æ—Å–∫–≤–∞ –ù–æ–≤–æ—Å—Ç–∏ | –ú–û–°–ö–í–ê LIFE STYLE,https://t.me/moskvago,1008
‚ö°Ô∏è–ù–û–í–û–°–¢–ò,https://t.me/Novosty,93638
dev.by: –≥–ª–∞–≤–Ω—ã–µ –ò–¢-–Ω–æ–≤–æ—Å—Ç–∏ –ë–µ–ª–∞—Ä—É—Å–∏,https://t.me/devby,31420
Office Life –ë–∏–∑–Ω–µ—Å-–Ω–æ–≤–æ—Å—Ç–∏,https://t.me/officelife_media,6874
"–ù–æ–≤–æ—Å—Ç–∏ –ñ–ö ""–ò—Å–ø–∞–Ω—Å–∫–∏–µ –∫–≤–∞—Ä—Ç–∞–ª—ã"" 1 –∏ 2",https://t.me/ikzhk,4156
–•–ö–° | –ù–æ–≤–æ—Å—Ç–∏ –∫—Ä–∞—è Z,https://t.me/todaykhv,1541
–ù–æ–≤–æ—Å—Ç–∏ –ë–∏–∑–Ω–µ—Å–∞ | –ë–∏–∑–Ω–µ—Å —Å–æ–æ–±—â–µ—Å—Ç–≤–æ,https://t.me/novostibussines,1851
–ù–æ–≤–æ—Å—Ç–∏ –†–æ—Å—Ç–æ–≤–∞ | 161.RU,https://t.me/news161ru,201896
Unity –ù–æ–≤–æ—Å—Ç–∏,https://t.me/unity_news,4995
–ù–æ–≤–æ—Å—Ç–∏ –ö–° 2 | Counter Strike 2,https://t.me/csgo_ru,26466
–ë–∞–π–∫–∏ –ª–∞–æ–≤–∞—è. –ö–∏—Ç–∞–π. –ù–æ–≤–æ—Å—Ç–∏,https://t.me/cn_laowai,14064
–ü–∏—Ç–µ—Ä–∞—á ‚Ä¢ –ù–æ–≤–æ—Å—Ç–∏ –ü–∏—Ç–µ—Ä–∞,https://t.me/piterach,246681
–†–ê–ù–•–∏–ì–°. –ù–æ–≤–æ—Å—Ç–∏,https://t.me/mainranepa,16147
–õ–æ–≥–æ–≤–æ –§—É—Ç–±–æ–ª–∞ üèÜ –ù–æ–≤–æ—Å—Ç–∏ —Ñ—É—Ç–±–æ–ª–∞,https://t.me/football_logovo,10709
–ù–æ–≤–æ—Å—Ç–∏ Bitbanker.org,https://t.me/bitbanker_news,751
–ù–æ–≤–æ—Å—Ç–∏. –ö–∞–∫ –µ—Å—Ç—å,https://t.me/nourlnews,56264
–ù–æ–≤–æ—Å—Ç–∏ –®–≤–µ–π—Ü–∞—Ä–∏–∏ / Aboutswissüá®üá≠,https://t.me/aboutswisslive,7754
–ù–æ–≤–æ—Å—Ç–∏ –†–æ—Å—Å–∏—è –°–µ–≥–æ–¥–Ω—è,https://t.me/rossiya24online,2253
–ë–ò–¢–ö–û–ò–ù $ –ö–†–ò–ü–¢–û–í–ê–õ–Æ–¢–ê $ –ù–û–í–û–°–¢–ò $ –ö–£–†–°–´,https://t.me/nft_defipolkadot,1113
IT –≤ –õ–≠–¢–ò | –ù–û–í–û–°–¢–ò,https://t.me/newsfkti,1686
–ê—Ñ–∏—à–∞ –ï–∫–∞—Ç–µ—Ä–∏–Ω–±—É—Ä–≥–∞ | –ù–æ–≤–æ—Å—Ç–∏,https://t.me/kudaekb,71336
–§–∏—à–∫–∏ –∏ –Ω–æ–≤–æ—Å—Ç–∏ Telegram,https://t.me/teleggid_com,4806
–°–¢–†–ò–ù–ì–ï–† | –ú–û–°–ö–í–ê | –ù–û–í–û–°–¢–ò,https://t.me/stringernews,95103
–ú–æ—Å–∫–≤–∞ | –ù–æ–≤–æ—Å—Ç–∏,https://t.me/imMoscow,4386
HEAD SHOT | –ù–æ–≤–æ—Å—Ç–∏ –∏ –æ–±–∑–æ—Ä—ã –≤ –∏–≥—Ä–æ–≤–æ–π –∏–Ω–¥—É—Å—Ç—Ä–∏–∏,https://t.me/headshotts,6603
–ú–æ—Å–∫–≤–∞ | –ù–æ–≤–æ—Å—Ç–∏ 24,https://t.me/msknews24,31165
–†–ë–ö –¢—é–º–µ–Ω—å | –ù–æ–≤–æ—Å—Ç–∏,https://t.me/rbc_tyumen,4670
–ù–æ–≤–æ—Å—Ç–∏ –õ–æ–∫–æ–º–æ—Ç–∏–≤–∞,https://t.me/lokomotivnews,10637
–ù–æ–≤–æ—Å—Ç–∏ –ò–∑—Ä–∞–∏–ª—è,https://t.me/israelinfo_co_il,7599
–ù–æ–≤–æ—Å—Ç–∏ –°–µ–≤–∞—Å—Ç–æ–ø–æ–ª—è,https://t.me/news_sev,1469
CrypTOOru - –ù–æ–≤–æ—Å—Ç–∏,https://t.me/cryptooru,23104
–ò–ë–•–§ –†–ê–ù. –ù–æ–≤–æ—Å—Ç–∏,https://t.me/ibcp_ras_news,1026
"–ì–æ–ª–æ–¥, —Ö–æ–ª–æ–¥ –∏ –ø–æ–∫–æ–π | –ù–æ–≤–æ—Å—Ç–∏ –∑–¥—Ä–∞–≤–æ–æ—Ö—Ä–∞–Ω–µ–Ω–∏—è",https://t.me/Caduceusmed,6481
–ñ–ò–í–û–í Z | –ù–û–í–û–°–¢–ò –ò –ú–ù–ï–ù–ò–Ø,https://t.me/Zhivoff22,13010
–í –∫—É—Ä—Å–µ | –ù–æ–≤–æ—Å—Ç–∏ –°—Ç–∞–≤—Ä–æ–ø–æ–ª—å—è,https://t.me/stavropolskiy,6582
Newslab ‚Äî –Ω–æ–≤–æ—Å—Ç–∏ –ö—Ä–∞—Å–Ω–æ—è—Ä—Å–∫–æ–≥–æ –∫—Ä–∞—è,https://t.me/newslablive,7437
–ù–æ–≤–æ—Å—Ç–∏ –ü–µ—Ä–º–∏,https://t.me/permnews_ru,3551
‚ôªÔ∏èTrandInvest.ru | –ù–æ–≤–æ—Å—Ç–∏‚ôªÔ∏è,https://t.me/trandinvest,1005
–ö–Ω–æ–ø–∫–∞ ‚Äì –Ω–æ–≤–æ—Å—Ç–∏ –±–∏–∑–Ω–µ—Å–∞ –∏ –±—É—Ö–≥–∞–ª—Ç–µ—Ä–∏—è –¥–ª—è –ò–ü –∏ –û–û–û,https://t.me/knopkanews,5160
–†–ò–ê –ù–æ–≤–æ—Å—Ç–∏,https://t.me/rian_ru,3222006
iVideos | –ù–æ–≤–æ—Å—Ç–∏ —Ñ–∏–ª—å–º–æ–≤ –∏ —Å–µ—Ä–∏–∞–ª–æ–≤ | –¢—Ä–µ–π–ª–µ—Ä—ã,https://t.me/ivideosnews,2169
–ù–ì–° ‚Äî –Ω–æ–≤–æ—Å—Ç–∏ –ù–æ–≤–æ—Å–∏–±–∏—Ä—Å–∫–∞,https://t.me/ngs_news,78390
–ê–º–µ—Ä–∏–∫–∞ –ù–æ–≤–æ—Å—Ç–∏ –°–®–ê –ù—å—é-–ô–æ—Ä–∫ –ö–∞–ª–∏—Ñ–æ—Ä–Ω–∏—è,https://t.me/russianus,14082
–ö–ì–í: –ù–æ–≤–æ—Å—Ç–∏ –ö–∞–ª—É–∂—Å–∫–æ–π –æ–±–ª–∞—Å—Ç–∏,https://t.me/kgv_info,707
–í–µ—á–µ—Ä–Ω—è—è –ú–æ—Å–∫–≤–∞ / –ê—Ñ–∏—à–∞ –ù–æ–≤–æ—Å—Ç–∏,https://t.me/moscowes,255653
–ù–æ–≤–æ—Å—Ç–∏ —Å –û—Å—Ç–∞–Ω–∏–Ω–æ–π,https://t.me/ninaostanina,100879
–õ–∏–≥–æ–≤–∫–∞ ‚Ä¢ –ù–æ–≤–æ—Å—Ç–∏ –ü–µ—Ç–µ—Ä–±—É—Ä–≥–∞,https://t.me/live_ligovka,37248
–£–∫—Ä–∞–∏–Ω–∞ –Ω–æ–≤–æ—Å—Ç–∏,https://t.me/ukrainetopnews,24271
–ù–æ–≤–æ—Å—Ç–∏ –†–æ—Å—Å–∏—è 24/7,https://t.me/novostirussia24,35370
–†–ò–ê –ù–æ–≤–æ—Å—Ç–∏: –¥–µ–ª–∞ –∞—Ä–±–∏—Ç—Ä–∞–∂–Ω—ã–µ,https://t.me/zarbitrazhy,3371
–ù–æ–≤–æ—Å—Ç–∏ TON / –¢–û–ù ‚Ä¢ –∫—É–ø–∏—Ç—å ‚Ä¢ –ø—Ä–æ–¥–∞—Ç—å ‚Ä¢ –æ–±–º–µ–Ω ‚Ä¢ –±–∏—Ä–∂–∞,https://t.me/cryptobot_ton,3887
ND - –ù–æ–≤–æ—Å—Ç–∏ –î–Ω—è,https://t.me/ndnews24,284548
–ù–æ–≤–æ—Å—Ç–∏ –ê–¢–ú –ê–õ–¨–Ø–ù–°,https://t.me/atm_alliance,883
–†–ò–ê –ù–æ–≤–æ—Å—Ç–∏: –°–®–ê,https://t.me/rianovostiAmerica,59155
–í–°–Ø –£–§–ê|–ù–û–í–û–°–¢–ò,https://t.me/vsyaufa,9624
–ò–∑—Ä–∞–∏–ª—å-–í—Å–µ –Ω–æ–≤–æ—Å—Ç–∏.,https://t.me/Israel_novosti,1434
"–≠—Ç–æ –ú–∏—Ç—Ä–æ—Ö–∏–Ω | –õ–∏—Ç–µ—Ä–∞—Ç—É—Ä–∞, –∫—É–ª—å—Ç—É—Ä–∞, –Ω–æ–≤–æ—Å—Ç–∏",https://t.me/TheMitrokhin,24621
üáØüáµ –Ø–ø–æ–Ω–∏—è –°–µ–≥–æ–¥–Ω—è üáØüáµ –ù–æ–≤–æ—Å—Ç–∏,https://t.me/japan_today_news,928
–ú–æ—Å–∫–æ–≤—Å–∫–∏–µ –Ω–æ–≤–æ—Å—Ç–∏,https://t.me/mnews_ru,181637
–ò—Å—Ç–æ—á–Ω–∏–∫ –û–Ω–ª–∞–π–Ω ‚àí –≠–∫—Å–∫–ª—é–∑–∏–≤–Ω—ã–µ –Ω–æ–≤–æ—Å—Ç–∏ –ö–∏—Ä–æ–≤–∞,https://t.me/istochnikonline,5286
Smartpress.by / –ù–æ–≤–æ—Å—Ç–∏,https://t.me/smartpress,29463
PrimeNews.by - –Ω–æ–≤–æ—Å—Ç–∏,https://t.me/RechitsaPrime,2116
NEWS.ru | –ù–æ–≤–æ—Å—Ç–∏,https://t.me/nwsru,200986
–ò–ê41 üåã –Ω–æ–≤–æ—Å—Ç–∏ –ö–∞–º—á–∞—Ç–∫–∏,https://t.me/kamkrab,4484
TOMSK.RU | –°–ú–ò. –ù–æ–≤–æ—Å—Ç–∏ –∏ –∏—Å—Ç–æ—Ä–∏–∏ –¢–æ–º—Å–∫–∞,https://t.me/news_tomsk_ru,2229
–ò—Å–ø–∞–Ω–∏—è: –≥–ª–∞–≤–Ω—ã–µ –Ω–æ–≤–æ—Å—Ç–∏,https://t.me/noticiaru,51386
FreshNews | –ù–æ–≤–æ—Å—Ç–∏ | –ú–æ—Å–∫–≤–∞,https://t.me/FreshWorld_news,24364
–ù–æ–≤–æ—Å—Ç–∏ | NEWS,https://t.me/Da_center,876
–ù–æ–≤–æ—Å—Ç–∏ KDE,https://t.me/kde_ru_news,2352
LIVEU: –Ω–æ–≤–æ—Å—Ç–∏ –ï–≤—Ä–æ–ø—ã,https://t.me/liveu_news,14174
–ö—Ä–∏–ø—Ç–æ–ø–∞—Ç–æ–ª–æ–≥ | –ù–æ–≤–æ—Å—Ç–∏ | –ò–Ω–≤–µ—Å—Ç–∏—Ü–∏–∏,https://t.me/criptopatolog,79831
–ß–ü –ü–µ—Ä–º—å | –Ω–æ–≤–æ—Å—Ç–∏,https://t.me/chp_59_perm,116938
INSIDE | –ù–æ–≤–æ—Å—Ç–∏ —Ñ—É—Ç–±–æ–ª–∞,https://t.me/insidenews_rus,903
Profit One | –¢–µ—Ö–Ω–∏—á–µ—Å–∫–∏–π –∞–Ω–∞–ª–∏–∑ | –ù–æ–≤–æ—Å—Ç–∏ –∫—Ä–∏–ø—Ç–æ–≤–∞–ª—é—Ç,https://t.me/ProfitOneInvest,1992
–ê–°–¢–í.—Ä—É - –Ω–æ–≤–æ—Å—Ç–∏ –°–∞—Ö–∞–ª–∏–Ω–∞ –∏ –ö—É—Ä–∏–ª,https://t.me/astv_ru,70662
–í–µ—á–µ—Ä–Ω–∏–π –ü–∏—Ç–µ—Ä | –ê—Ñ–∏—à–∞ –ù–æ–≤–æ—Å—Ç–∏,https://t.me/piterve,189844
–ù–æ–≤–æ—Å—Ç–∏ –°–∞–Ω–∫—Ç-–ü–µ—Ç–µ—Ä–±—É—Ä–≥–∞,https://t.me/novostisanktpeterburg,31031
–ú–æ—Å–∫–≤–∞üîª–ù–æ–≤–æ—Å—Ç–∏,https://t.me/msk2day,3717
–ß–µ—Ä–Ω–æ–≥–æ—Ä–∏—è - –Ω–æ–≤–æ—Å—Ç–∏,https://t.me/Villaedelweissmontenegro,38792
–°–ø–æ—Ä—Ç –¢–∞–π–º | –ù–æ–≤–æ—Å—Ç–∏ –õ–∏—Ü–∞,https://t.me/sportazarto,204567
ZabNews.ru | –ù–æ–≤–æ—Å—Ç–∏ –ß–∏—Ç—ã –∏ –ó–∞–±–∞–π–∫–∞–ª—å—è,https://t.me/zabnews_ru,8250
–†–ò–ê –ù–æ–≤–æ—Å—Ç–∏ –°–ø–æ—Ä—Ç,https://t.me/sportrian,31427
–ù–æ–≤–æ—Å—Ç–∏ –ß–µ–±–æ–∫—Å–∞—Ä—ã,https://t.me/cheb_chp,3774
–†–æ—Å—Å–∏—è|–ù–æ–≤–æ—Å—Ç–∏|–í–∞–∂–Ω–æüá∑üá∫,https://t.me/russia_news07,5250
MaxNews | –ù–æ–≤–æ—Å—Ç–∏ –≠–î–û,https://t.me/Max_News_Max,1498
–ê–∫—Ç—É–∞–ª—å–Ω—ã–µ –ù–æ–≤–æ—Å—Ç–∏,https://t.me/actual_novosti24,1243
–óa!–¢–í. –ù–æ–≤–æ—Å—Ç–∏ –ó–∞–ø–æ—Ä–æ–∂—Å–∫–æ–π –æ–±–ª–∞—Å—Ç–∏,https://t.me/za_tv_ru,22552
"–¢—É—Ä—Ü–∏—è –ë–µ–∑ –í–æ–¥—ã | –ê—Ä–µ–Ω–¥–∞, –ø–µ—Ä–µ–µ–∑–¥, –Ω–æ–≤–æ—Å—Ç–∏, –ê–Ω—Ç–∞–ª—å—è, –ú–µ—Ä—Å–∏–Ω, –ê–ª–∞–Ω—å—è, –°—Ç–∞–º–±—É–ª, –í–ù–ñ",https://t.me/victoria_turkey,8287
–ü—Ä–æ –ê–≤–∏—Ç–æ | –ù–æ–≤–æ—Å—Ç–∏ –∏ –ø—Ä–æ–º–æ–∫–æ–¥—ã,https://t.me/avitoplace,30144
–ù–æ–≤–æ—Å—Ç–∏ –∑–Ω–∞–º–µ–Ω–∏—Ç–æ—Å—Ç–µ–π,https://t.me/zvezdnie_novosti,6548
–û–ø–µ—Ä–∞—Ç–∏–≤–Ω—ã–µ –Ω–æ–≤–æ—Å—Ç–∏ –∏ –°–≤–æ–¥–∫–∏ –°–í–û. –ß–∞—Å–æ–≤ –Ø—Ä,https://t.me/voyna24na,9411
–ò–ù–¢–ï–†–ù–ï–¢ –†–ï–í–ò–ó–û–†–†–û | –ù–û–í–û–°–¢–ò,https://t.me/knigajalobyy,125549
–ú–æ—Å–∫–≤–∞ | –ù–æ–≤–æ—Å—Ç–∏ | –ü–æ–ª–∏—Ç–∏–∫–∞,https://t.me/Moscow_polit,25994
–†–æ–∑–æ–≤—ã–µ –æ—á–∫–∏ üï∂ –ù–æ–≤–æ—Å—Ç–∏,https://t.me/rozovyeochki,3378
Dubai Travel | –ü—É—Ç–µ—à–µ—Å—Ç–≤–∏–µ –î—É–±–∞–π –ù–æ–≤–æ—Å—Ç–∏,https://t.me/Dubai_traveling,4534
–ü—É—Ç–µ—à–µ—Å—Ç–≤–∏—è üåçüòç –ù–æ–≤–æ—Å—Ç–∏ –¢—É—Ä–∏–∑–º–∞,https://t.me/tourism_travels,77685
PAVLOVA|| –ù–û–í–û–°–¢–ò|| –ì–ï–û–ü–û–õ–ò–¢–ò–ö–ê||,https://t.me/Pavlova_Maria_live,15719
–í–ª–∞–¥–∏–≤–æ—Å—Ç–æ–∫ –ù–æ–≤–æ—Å—Ç–∏,https://t.me/vladivostok_telegram,1789
–°–µ—Ä–±–∏—è - –ù–æ–≤–æ—Å—Ç–∏ (–°–µ—Ä–±–∏–∏),https://t.me/serbia_news,24055
MigrateNow –ù–æ–≤–æ—Å—Ç–∏,https://t.me/MigrateNowNews,5819
Cryptovka | –ù–æ–≤–æ—Å—Ç–∏ –ö—Ä–∏–ø—Ç–æ—Ä—ã–Ω–∫–∞ –∏ –ë–ª–æ–∫—á–µ–π–Ω–∞,https://t.me/CryptovkaFeed,1797
KUBANTRIP | –ö—Ä–∞—Å–Ω–æ–¥–∞—Ä | –ù–æ–≤–æ—Å—Ç–∏ | –§–æ—Ç–æ | –í–∏–¥–µ–æ,https://t.me/KubanTripOF,1017
–ù–æ–≤–æ—Å—Ç–∏ –ø—Ä–∞–≤–¥–∞,https://t.me/newsprav_da,177826
–ù–æ–≤–æ—Å—Ç–∏ –ú–æ—Å–∫–≤—ã,https://t.me/moskownovosti,20676
"–ë–æ–ª–≥–∞—Ä–∏—è: –∂–∏–∑–Ω—å, –Ω–æ–≤–æ—Å—Ç–∏ –∏ —Å–æ—Å–µ–¥–∏",https://t.me/covid19bulgaria,6640
–°–∞–Ω–∫—Ç-–ü–µ—Ç–µ—Ä–±—É—Ä–≥ –ù–æ–≤–æ—Å—Ç–∏,https://t.me/sanktpeterburg_novosti,8794
"–ê–Ω—Ç–∞–ª—å—è –∑–¥–µ—Å—å : –Ω–æ–≤–æ—Å—Ç–∏, —á–∞—Ç, –æ–±—â–µ–Ω–∏–µ",https://t.me/mirturkey,2147
–ü—Ä–æ –ì–æ—Ä–æ–¥ –ô–æ—à–∫–∞—Ä-–û–ª–∞ | –ù–æ–≤–æ—Å—Ç–∏ –ú–∞—Ä–∏–π –≠–ª,https://t.me/progorod12,8903
–õ–ò–ü–ï–¶–ö –ù–û–í–û–°–¢–ò 18+,https://t.me/lipetsknovosti,3322
–•–æ—Ä–æ—à–∏–µ –Ω–æ–≤–æ—Å—Ç–∏!,https://t.me/horochienovosti,205
AngarskNews - –ù–æ–≤–æ—Å—Ç–∏ –ê–Ω–≥–∞—Ä—Å–∫–∞,https://t.me/AngarskNews,8291
–î—É–±–∞—á ‚Ä¢ –ù–æ–≤–æ—Å—Ç–∏ –î—É–±–∞—è,https://t.me/dubai_media,50298
¬´–ñ–∏–∑–Ω—å –≤ –ò–≤–∞–Ω–æ–≤–æ¬ª - –Ω–æ–≤–æ—Å—Ç–∏ –Ω–∞—à–µ–≥–æ –≥–æ—Ä–æ–¥–∞ | –ò–≤–∞–Ω–æ–≤—Å–∫–∞—è –æ–±–ª–∞—Å—Ç—å üá∑üá∫,https://t.me/life_in_ivanovo,2421
–ó–æ–ª–æ—Ç–æ–π –∫–ª–æ–Ω | –ù–æ–≤–æ—Å—Ç–∏,https://t.me/GoldenClone_ru,820
–ù–æ–≤–æ—Å—Ç–∏ üá∑üá∫,https://t.me/novosti44rus,161
üìà –ö–†–ò–ü–¢–ê | –ù–û–í–û–°–¢–ò üìà,https://t.me/kripta,446
"–í–¢ - –Ω–æ–≤–æ—Å—Ç–∏ —Å—Ç—Ä–∞—Ö–æ–≤–∞–Ω–∏—è, —ç–∫–æ–Ω–æ–º–∏–∫–∞, –æ–±—â–µ—Å—Ç–≤–æ.",https://t.me/vottak_me,15572
–ù–æ–≤–æ—Å—Ç–∏ –°–µ—Ä–±–∏–∏ –Ω–∞ –†—É—Å—Å–∫–æ–º,https://t.me/serbianewsrus,307
–ß–µ—Ä–Ω–æ–≥–æ—Ä–∏—è ‚ö°Ô∏è –ù–æ–≤–æ—Å—Ç–∏,https://t.me/crnagora_news,4083
"–û—Ñ–∏—Å–Ω—ã–π –ü–ª–∞—Ç–æ–Ω - –Ω–æ–≤–æ—Å—Ç–∏, —Ç—Ä–µ–π–¥–∏–Ω–≥, –∞–∫—Ü–∏–∏, –±–∏—Ç–∫–æ–∏–Ω ¬π ‚Å∏ ‚Å∫",https://t.me/platonoffice,3324
–ù–æ–≤–æ—Å—Ç–∏ –ò—Ä–∫—É—Ç—Å–∫–æ–π –æ–±–ª–∞—Å—Ç–∏,https://t.me/rosnews1,350
–ù–æ–≤–æ—Å—Ç–∏ 24\7,https://t.me/Novosti_new24,5257
–≠–•–û / –ù–æ–≤–æ—Å—Ç–∏,https://t.me/echoonline_news,78337
–°–ø–æ—Ä—Ç–∏–≤–Ω–æ–µ –ø–ª–∞–≤–∞–Ω–∏–µ –Ω–æ–≤–æ—Å—Ç–∏,https://t.me/swimskills,4886
–û–±—â–∏–Ω–∞ –ù–û–í–û–°–¢–ò,https://t.me/obshinanews,21047
–ù–æ–≤–æ—Å—Ç–∏ –î—É–±–∞—è –∏ –û–ê–≠,https://t.me/dubaiecho,2989
Svetlana Volodina - –Ω–æ–≤–æ—Å—Ç–∏ –ë–æ–ª–≥–∞—Ä–∏—è,https://t.me/svetlana_volodina7,363
–ß–£–ñ–ò–ï –ù–û–í–û–°–¢–ò,https://t.me/CHUZHOYNEWS,3195
–ù–æ–≤–æ—Å—Ç–∏ –ú–æ—Å–∫–≤—ã / –ú–æ—Å–∫–≤–∏—Ä,https://t.me/Moskvir,299343
–ò–Ω—Ñ–æ—Ä–º–∞—Ç–æ—Ä –£–∫—Ä–∞–∏–Ω–∞ | –ù–æ–≤–æ—Å—Ç–∏ üá∫üá¶,https://t.me/informator_ukraina,6058
–ö—Ä–µ–º–ª—å. –ù–æ–≤–æ—Å—Ç–∏,https://t.me/news_kremlin,228709
–ü—Ä–æ–°–ú–ò—Å—å –î–ù–† | –ù–æ–≤–æ—Å—Ç–∏ –º–∏—Ä–∞,https://t.me/prosmi_dnr,525
–¶–ê | –ù–æ–≤–æ—Å—Ç–∏ –¶–µ–Ω—Ç—Ä–∞–ª—å–Ω–æ–π –ê–∑–∏–∏,https://t.me/centralasianow,13233
Pro –ö—Ä–∏–ø—Ç—É - –ù–æ–≤–æ—Å—Ç–∏ | –ö–æ—Ç–∏—Ä–æ–≤–∫–∏,https://t.me/procryptu24,64427
üåã –ö–ê–ú–ß–ê–¢–°–ö–ò–ô –ö–†–ê–ô / –ö–∞–º—á–∞—Ç–∫–∞ –ù–æ–≤–æ—Å—Ç–∏,https://t.me/kam_kray,1027
–•–æ—Ä–≤–∞—Ç–∏—è - –ù–æ–≤–æ—Å—Ç–∏,https://t.me/croatia_news_hr,1054
–ö–ê–ú–ß–ê–¢–ö–ê –°–ï–ì–û–î–ù–Ø / –ù–æ–≤–æ—Å—Ç–∏ –ö–∞–º—á–∞—Ç–∫–∏,https://t.me/kamtoday41,1847
–ù–æ–≤–æ—Å—Ç–∏ –®–µ—Ä–µ–≥–µ—à–∞,https://t.me/dirsheregesh,8995
